member_name,item_date,relevance_score,title,source_url,reason,snippet
Certe,2026-10-07,22,Samenwerking Ambulancezorg Groningen en Certe,https://www.certe.nl/nieuws/samenwerking-ambulancezorg-groningen-en-certe,samenwerking,Samenwerking Ambulancezorg Groningen en Certe › Certe Spring naar inhoud Ik ben Maak een keuze Maak een keuze Patiënt Aanvrager in een ziekenhuis Huisarts of verloskundige
STT Products,2026-10-07,18,Nieuws vanuit STT Products,https://sttproducts.nl/nieuws-updates-en-ontwikkelingen-stt-products,product,"Nieuws, updates en ontwikkelingen - STT Products Over ons Cases Nieuws Kennisbank Werken bij NL EN"
Certe,2026-10-07,10,Nieuw lid Raad van Toezicht Certe,https://www.certe.nl/nieuws/nieuw-lid-raad-van-toezicht-certe-2,dated item on member site,Nieuw lid Raad van Toezicht Certe › Certe Spring naar inhoud Ik ben Maak een keuze Maak een keuze Patiënt Aanvrager in een ziekenhuis Huisarts of verloskundige
Certe,2026-10-07,10,"​Klein buisje, grote impact",https://www.certe.nl/nieuws/klein-buisje-grote-impact,dated item on member site,"​Klein buisje, grote impact › Certe Spring naar inhoud Ik ben Maak een keuze Maak een keuze Patiënt Aanvrager in een ziekenhuis Huisarts of verloskundige"
Innocore,2026-10-02,10,PODD Conference – Boston Innocore at PODD Boston 2026,https://innocorepharma.com/news-events/podd-conference-boston,dated item on member site,PODD Conference - Boston - InnoCore Skip Navigation MENU Search Investors FAQ CLOSE Home
QDI Systems,2026-10-01,22,"QDI systems and Vision Components announce partnership: MIPI Cameras enable new SWIR applications for smart farming, industry and drones",https://qdisystems.com/news-item/qdi-systems-and-vision-components-announce-partnership-mipi-cameras-enable-new-swir-applications-for-smart-farming-industry-and-drones,partnership,"QDI systems and Vision Components announce partnership: MIPI Cameras enable new SWIR applications for smart farming, industry and drones - QDI Systems Solutions Case studies Quantum dots Facility Careers About Quantum Dot Solutions"
QDI Systems,2026-10-01,22,CSEM and QDI Systems Launch Quantum Dot CMOS Image Sensor for Direct X-Ray and SWIR Imaging,https://qdisystems.com/news-item/csem-and-qdi-systems-launch-quantum-dot-cmos-image-sensor-for-direct-x-ray-and-swir-imaging,launch,CSEM and QDI Systems Launch Quantum Dot CMOS Image Sensor for Direct X-Ray and SWIR Imaging - QDI Systems Solutions Case studies Quantum dots Facility Careers About Quantum Dot Solutions
QDI Systems,2026-10-01,18,QDI systems nominated for the 2025 Computable Awards,https://qdisystems.com/news-item/qdi-systems-nominated-for-the-2025-computable-awards,award,QDI systems nominated for the 2025 Computable Awards - QDI Systems Solutions Case studies Quantum dots Facility Careers About Quantum Dot Solutions
QDI Systems,2026-10-01,10,QDI systems and Allied Vision Partner on QD-Based SWIR Sensors,https://qdisystems.com/news-item/qdi-systems-and-allied-vision-partner-on-qd-based-swir-sensors-driving-the-transition-beyond-ingaas,dated item on member site,QDI systems and Allied Vision Partner on QD-Based SWIR Sensors - Driving the Transition Beyond InGaAs - QDI Systems Solutions Case studies Quantum dots Facility Careers About Quantum Dot Solutions
QDI Systems,2026-10-01,10,CSEM and QDI Systems unveil Quantum Dot CMOS Image Sensor,https://qdisystems.com/news-item/csem-and-qdi-systems-unveil-quantum-dot-cmos-image-sensor,dated item on member site,CSEM and QDI Systems unveil Quantum Dot CMOS Image Sensor - QDI Systems Solutions Case studies Quantum dots Facility Careers About Quantum Dot Solutions
